{
  "cluster_probabilities": {
    "4": 0.5809162681226492,
    "1": 0.22527545477415387,
    "0": 0.16139551094665308,
    "2": 0.032075961709938615,
    "3": 0.0003368044466052729
  },
  "patterns": {
    "3": {
      "gmm": {
        "means": [
          13.434834204555358,
          988.4339524195315,
          99.92410803986691
        ],
        "covars": [
          140.7740649320661,
          445886.7268781078,
          5341.912102036611
        ],
        "weights": [
          0.7997748311861996,
          0.005827130431646501,
          0.1943980383821538
        ]
      },
      "transitions": {
        "0": {
          "0": 0.7685452162516383,
          "1": 0.23145478374836173
        },
        "1": {
          "0": 0.7671589921807124,
          "1": 0.23284100781928757
        }
      },
      "temporal_patterns": {
        "hourly_patterns": {
          "0": {
            "mean": 8.326,
            "median": 0.0,
            "std": 51.015
          }
        },
        "weekly_patterns": {
          "1": {
            "mean": 8.326,
            "median": 0.0,
            "std": 51.015
          }
        }
      },
      "consumption_periods": {
        "consumption_period_stats": {
          "mean": 1.303510758776897,
          "median": 1.0,
          "std": 0.6265719680010443
        },
        "zero_period_stats": {
          "mean": 4.318233295583239,
          "median": 3.0,
          "std": 3.7968778441591606
        }
      },
      "percentiles": {
        "25": 0.0,
        "50": 0.0,
        "75": 0.0,
        "90": 18.0,
        "95": 37.69999999999982,
        "99": 143.6800000000003
      },
      "modes": [
        0.0
      ]
    },
    "4": {
      "gmm": {
        "means": [
          12.733020271654725,
          436.31873718733067,
          86.39028957216497
        ],
        "covars": [
          129.15801494700514,
          156620.0642419502,
          3431.751705756478
        ],
        "weights": [
          0.7237283635602493,
          0.028194096138025523,
          0.2480775403017252
        ]
      },
      "transitions": {
        "0": {
          "0": 0.8457964848477385,
          "1": 0.15420351515226147
        },
        "1": {
          "1": 0.6685366925173845,
          "0": 0.33146330748261554
        }
      },
      "temporal_patterns": {
        "hourly_patterns": {
          "0": {
            "mean": 7.6421,
            "median": 0.0,
            "std": 47.1806
          },
          "1": {
            "mean": 5.7135,
            "median": 0.0,
            "std": 38.3365
          },
          "2": {
            "mean": 4.9024,
            "median": 0.0,
            "std": 39.475
          },
          "3": {
            "mean": 5.8447,
            "median": 0.0,
            "std": 60.3502
          },
          "4": {
            "mean": 7.9136,
            "median": 0.0,
            "std": 74.1744
          },
          "5": {
            "mean": 11.5264,
            "median": 0.0,
            "std": 89.208
          },
          "6": {
            "mean": 14.6695,
            "median": 0.0,
            "std": 86.3556
          },
          "7": {
            "mean": 16.1152,
            "median": 0.0,
            "std": 71.6598
          },
          "8": {
            "mean": 15.6269,
            "median": 0.0,
            "std": 64.0839
          },
          "9": {
            "mean": 15.9433,
            "median": 0.0,
            "std": 55.7837
          },
          "10": {
            "mean": 15.8654,
            "median": 0.0,
            "std": 53.3831
          },
          "11": {
            "mean": 15.934,
            "median": 0.0,
            "std": 55.2488
          },
          "12": {
            "mean": 16.1046,
            "median": 0.0,
            "std": 58.3495
          },
          "13": {
            "mean": 15.636,
            "median": 0.0,
            "std": 76.3961
          },
          "14": {
            "mean": 14.6608,
            "median": 0.0,
            "std": 52.4678
          },
          "15": {
            "mean": 14.8263,
            "median": 0.0,
            "std": 53.116
          },
          "16": {
            "mean": 15.7836,
            "median": 0.0,
            "std": 55.2058
          },
          "17": {
            "mean": 17.0224,
            "median": 0.0,
            "std": 75.7526
          },
          "18": {
            "mean": 17.7075,
            "median": 0.0,
            "std": 59.2837
          },
          "19": {
            "mean": 18.1512,
            "median": 0.0,
            "std": 62.0448
          },
          "20": {
            "mean": 18.1631,
            "median": 0.0,
            "std": 60.7192
          },
          "21": {
            "mean": 16.5587,
            "median": 0.0,
            "std": 54.9276
          },
          "22": {
            "mean": 13.9963,
            "median": 0.0,
            "std": 53.4427
          },
          "23": {
            "mean": 10.8561,
            "median": 0.0,
            "std": 57.2693
          }
        },
        "weekly_patterns": {
          "1": {
            "mean": 13.6365,
            "median": 0.0,
            "std": 62.0113
          }
        }
      },
      "consumption_periods": {
        "consumption_period_stats": {
          "mean": 3.016925184252702,
          "median": 1.0,
          "std": 23.724429353082435
        },
        "zero_period_stats": {
          "mean": 6.484932038619588,
          "median": 3.0,
          "std": 29.545532307498373
        }
      },
      "percentiles": {
        "25": 0.0,
        "50": 0.0,
        "75": 3.0,
        "90": 31.0,
        "95": 65.0,
        "99": 224.0
      },
      "modes": [
        0.0
      ]
    },
    "1": {
      "gmm": {
        "means": [
          12.84495526932883,
          447.6202780037131,
          89.3085312338674
        ],
        "covars": [
          131.48539554690217,
          148799.53049325073,
          3656.688409771196
        ],
        "weights": [
          0.7156031491776511,
          0.03042160634002018,
          0.25397524448232867
        ]
      },
      "transitions": {
        "0": {
          "0": 0.8488743407380568,
          "1": 0.15112565926194324
        },
        "1": {
          "1": 0.6720920447400485,
          "0": 0.3279079552599516
        }
      },
      "temporal_patterns": {
        "hourly_patterns": {
          "0": {
            "mean": 8.934,
            "median": 0.0,
            "std": 56.4836
          },
          "1": {
            "mean": 6.1298,
            "median": 0.0,
            "std": 36.4474
          },
          "2": {
            "mean": 5.181,
            "median": 0.0,
            "std": 40.2152
          },
          "3": {
            "mean": 5.6477,
            "median": 0.0,
            "std": 56.0073
          },
          "4": {
            "mean": 7.1534,
            "median": 0.0,
            "std": 72.6974
          },
          "5": {
            "mean": 9.3189,
            "median": 0.0,
            "std": 84.9468
          },
          "6": {
            "mean": 10.8469,
            "median": 0.0,
            "std": 75.3235
          },
          "7": {
            "mean": 13.7382,
            "median": 0.0,
            "std": 70.9275
          },
          "8": {
            "mean": 16.8157,
            "median": 0.0,
            "std": 70.506
          },
          "9": {
            "mean": 18.6543,
            "median": 0.0,
            "std": 63.6276
          },
          "10": {
            "mean": 18.8277,
            "median": 0.0,
            "std": 61.4431
          },
          "11": {
            "mean": 18.4846,
            "median": 0.0,
            "std": 61.6627
          },
          "12": {
            "mean": 18.686,
            "median": 0.0,
            "std": 66.9078
          },
          "13": {
            "mean": 17.7386,
            "median": 0.0,